RowID,Country,ISO-2-CODE,ISO-3-Code,ISO-M49
6,Andorra,AD,AND,20
233,United Arab Emirates,AE,ARE,784
1,Afghanistan,AF,AFG,4
10,Antigua and Barbuda,AG,ATG,28
8,Anguilla,AI,AIA,660
3,Albania,AL,ALB,8
12,Armenia,AM,ARM,51
157,Netherlands Antilles,AN,ANT,530
7,Angola,AO,AGO,24
9,Antarctica,AQ,ATA,10
11,Argentina,AR,ARG,32
5,American Samoa,AS,ASM,16
15,Austria,AT,AUT,40
14,Australia,AU,AUS,36
13,Aruba,AW,ABW,533
2,Aland Islands,AX,ALA,248
16,Azerbaijan,AZ,AZE,31
28,Bosnia and Herzegovina,BA,BIH,70
20,Barbados,BB,BRB,52
19,Bangladesh,BD,BGD,50
22,Belgium,BE,BEL,56
36,Burkina Faso,BF,BFA,854
35,Bulgaria,BG,BGR,100
18,Bahrain,BH,BHR,48
37,Burundi,BI,BDI,108
24,Benin,BJ,BEN,204
185,Saint-Barth‚lemy,BL,BLM,652
25,Bermuda,BM,BMU,60
34,Brunei Darussalam,BN,BRN,96
27,Bolivia,BO,BOL,68
31,Brazil,BR,BRA,76
17,Bahamas,BS,BHS,44
26,Bhutan,BT,BTN,64
30,Bouvet Island,BV,BVT,74
29,Botswana,BW,BWA,72
21,Belarus,BY,BLR,112
23,Belize,BZ,BLZ,84
40,Canada,CA,CAN,124
50,Cocos (Keeling) Islands,CC,CCK,166
54,"Congo, (Kinshasa)",CD,COD,180
43,Central African Republic,CF,CAF,140
53,Congoÿ(Brazzaville),CG,COG,178
215,Switzerland,CH,CHE,756
57,C“te d'Ivoire,CI,CIV,384
55,Cook Islands,CK,COK,184
45,Chile,CL,CHL,152
39,Cameroon,CM,CMR,120
46,China,CN,CHN,156
51,Colombia,CO,COL,170
56,Costa Rica,CR,CRI,188
59,Cuba,CU,CUB,192
41,Cape Verde,CV,CPV,132
49,Christmas Island,CX,CXR,162
60,Cyprus,CY,CYP,196
61,Czech Republic,CZ,CZE,203
84,Germany,DE,DEU,276
63,Djibouti,DJ,DJI,262
62,Denmark,DK,DNK,208
64,Dominica,DM,DMA,212
65,Dominican Republic,DO,DOM,214
4,Algeria,DZ,DZA,12
66,Ecuador,EC,ECU,218
71,Estonia,EE,EST,233
67,Egypt,EG,EGY,818
244,Western Sahara,EH,ESH,732
70,Eritrea,ER,ERI,232
208,Spain,ES,ESP,724
72,Ethiopia,ET,ETH,231
76,Finland,FI,FIN,246
75,Fiji,FJ,FJI,242
73,Falkland Islands (Malvinas),FK,FLK,238
144,"Micronesia, Federated States of",FM,FSM,583
74,Faroe Islands,FO,FRO,234
77,France,FR,FRA,250
81,Gabon,GA,GAB,266
234,United Kingdom,GB,GBR,826
89,Grenada,GD,GRD,308
83,Georgia,GE,GEO,268
78,French Guiana,GF,GUF,254
93,Guernsey,GG,GGY,831
85,Ghana,GH,GHA,288
86,Gibraltar,GI,GIB,292
88,Greenland,GL,GRL,304
82,Gambia,GM,GMB,270
94,Guinea,GN,GIN,324
90,Guadeloupe,GP,GLP,312
69,Equatorial Guinea,GQ,GNQ,226
87,Greece,GR,GRC,300
206,South Georgia and the South Sandwich Islands,GS,SGS,239
92,Guatemala,GT,GTM,320
91,Guam,GU,GUM,316
95,Guinea-Bissau,GW,GNB,624
96,Guyana,GY,GUY,328
47,"Hong Kong, SAR China",HK,HKG,344
98,Heard and Mcdonald Islands,HM,HMD,334
100,Honduras,HN,HND,340
58,Croatia,HR,HRV,191
97,Haiti,HT,HTI,332
101,Hungary,HU,HUN,348
104,Indonesia,ID,IDN,360
107,Ireland,IE,IRL,372
109,Israel,IL,ISR,376
108,Isle of Man,IM,IMN,833
103,India,IN,IND,356
33,British Indian Ocean Territory,IO,IOT,86
106,Iraq,IQ,IRQ,368
105,"Iran, Islamic Republic of",IR,IRN,364
102,Iceland,IS,ISL,352
110,Italy,IT,ITA,380
113,Jersey,JE,JEY,832
111,Jamaica,JM,JAM,388
114,Jordan,JO,JOR,400
112,Japan,JP,JPN,392
116,Kenya,KE,KEN,404
121,Kyrgyzstan,KG,KGZ,417
38,Cambodia,KH,KHM,116
117,Kiribati,KI,KIR,296
52,Comoros,KM,COM,174
187,Saint Kitts and Nevis,KN,KNA,659
118,Koreaÿ(North),KP,PRK,408
119,Koreaÿ(South),KR,KOR,410
120,Kuwait,KW,KWT,414
42,Cayman Islands,KY,CYM,136
115,Kazakhstan,KZ,KAZ,398
122,Lao PDR,LA,LAO,418
124,Lebanon,LB,LBN,422
188,Saint Lucia,LC,LCA,662
128,Liechtenstein,LI,LIE,438
209,Sri Lanka,LK,LKA,144
126,Liberia,LR,LBR,430
125,Lesotho,LS,LSO,426
129,Lithuania,LT,LTU,440
130,Luxembourg,LU,LUX,442
123,Latvia,LV,LVA,428
127,Libya,LY,LBY,434
150,Morocco,MA,MAR,504
146,Monaco,MC,MCO,492
145,Moldova,MD,MDA,498
148,Montenegro,ME,MNE,499
189,Saint-Martin (French part),MF,MAF,663
132,Madagascar,MG,MDG,450
138,Marshall Islands,MH,MHL,584
131,"Macedonia, Republic of",MK,MKD,807
136,Mali,ML,MLI,466
152,Myanmar,MM,MMR,104
147,Mongolia,MN,MNG,496
48,"Macao, SAR China",MO,MAC,446
165,Northern Mariana Islands,MP,MNP,580
139,Martinique,MQ,MTQ,474
140,Mauritania,MR,MRT,478
149,Montserrat,MS,MSR,500
137,Malta,MT,MLT,470
141,Mauritius,MU,MUS,480
135,Maldives,MV,MDV,462
133,Malawi,MW,MWI,454
143,Mexico,MX,MEX,484
134,Malaysia,MY,MYS,458
151,Mozambique,MZ,MOZ,508
153,Namibia,NA,NAM,516
158,New Caledonia,NC,NCL,540
161,Niger,NE,NER,562
164,Norfolk Island,NF,NFK,574
162,Nigeria,NG,NGA,566
160,Nicaragua,NI,NIC,558
156,Netherlands,NL,NLD,528
166,Norway,NO,NOR,578
155,Nepal,NP,NPL,524
154,Nauru,NR,NRU,520
163,Niue,NU,NIU,570
159,New Zealand,NZ,NZL,554
167,Oman,OM,OMN,512
171,Panama,PA,PAN,591
174,Peru,PE,PER,604
79,French Polynesia,PF,PYF,258
172,Papua New Guinea,PG,PNG,598
175,Philippines,PH,PHL,608
168,Pakistan,PK,PAK,586
177,Poland,PL,POL,616
190,Saint Pierre and Miquelon,PM,SPM,666
176,Pitcairn,PN,PCN,612
179,Puerto Rico,PR,PRI,630
170,Palestinian Territory,PS,PSE,275
178,Portugal,PT,PRT,620
169,Palau,PW,PLW,585
173,Paraguay,PY,PRY,600
180,Qatar,QA,QAT,634
181,R‚union,RE,REU,638
182,Romania,RO,ROU,642
197,Serbia,RS,SRB,688
183,Russian Federation,RU,RUS,643
184,Rwanda,RW,RWA,646
195,Saudi Arabia,SA,SAU,682
203,Solomon Islands,SB,SLB,90
198,Seychelles,SC,SYC,690
210,Sudan,SD,SDN,736
214,Sweden,SE,SWE,752
200,Singapore,SG,SGP,702
186,Saint Helena,SH,SHN,654
202,Slovenia,SI,SVN,705
212,Svalbard and Jan Mayen Islands,SJ,SJM,744
201,Slovakia,SK,SVK,703
199,Sierra Leone,SL,SLE,694
193,San Marino,SM,SMR,674
196,Senegal,SN,SEN,686
204,Somalia,SO,SOM,706
211,Suriname,SR,SUR,740
207,South Sudan,SS,SSD,728
194,Sao Tome and Principe,ST,STP,678
68,El Salvador,SV,SLV,222
216,Syrian Arab Republicÿ(Syria),SY,SYR,760
213,Swaziland,SZ,SWZ,748
229,Turks and Caicos Islands,TC,TCA,796
44,Chad,TD,TCD,148
80,French Southern Territories,TF,ATF,260
222,Togo,TG,TGO,768
220,Thailand,TH,THA,764
218,Tajikistan,TJ,TJK,762
223,Tokelau,TK,TKL,772
221,Timor-Leste,TL,TLS,626
228,Turkmenistan,TM,TKM,795
226,Tunisia,TN,TUN,788
224,Tonga,TO,TON,776
227,Turkey,TR,TUR,792
225,Trinidad and Tobago,TT,TTO,780
230,Tuvalu,TV,TUV,798
217,"Taiwan, Republic of China",TW,TWN,158
219,"Tanzania, United Republic of",TZ,TZA,834
232,Ukraine,UA,UKR,804
231,Uganda,UG,UGA,800
236,US Minor Outlying Islands,UM,UMI,581
235,United States of America,US,USA,840
237,Uruguay,UY,URY,858
238,Uzbekistan,UZ,UZB,860
99,Holy Seeÿ(Vatican City State),VA,VAT,336
191,Saint Vincent and Grenadines,VC,VCT,670
240,Venezuelaÿ(Bolivarian Republic),VE,VEN,862
32,British Virgin Islands,VG,VGB,92
242,"Virgin Islands, US",VI,VIR,850
241,Viet Nam,VN,VNM,704
239,Vanuatu,VU,VUT,548
243,Wallis and Futuna Islands,WF,WLF,876
192,Samoa,WS,WSM,882
245,Yemen,YE,YEM,887
142,Mayotte,YT,MYT,175
205,South Africa,ZA,ZAF,710
246,Zambia,ZM,ZMB,894
247,Zimbabwe,ZW,ZWE,716
